{"cameraMode":{"drawMode":0,"name":"Shaded","section":"Shading Mode"},"sceneLighting":true,"audioPlay":false,"sceneViewState":{"m_AlwaysRefresh":false,"showFog":true,"showSkybox":true,"showFlares":true,"showImageEffects":true,"showParticleSystems":true,"showVisualEffectGraphs":true,"m_FxEnabled":true},"in2DMode":false,"pivot":{"x":-0.3792152404785156,"y":-1.8812618255615235,"z":1.5692310333251954},"rotation":{"x":-0.27458956837654116,"y":0.12988607585430146,"z":-0.03746310621500015,"w":-0.9520118832588196},"size":5.261446475982666,"orthographic":false}